id,title,url,duration,upload_date,view_count,like_count,comment_count
NiP7cJIEkCc,Alltagstausch f√ºr CEO und Sozialarbeiterin mit @hubertuskoch1904 ü§ù‚Äã | unbubble #shorts,https://www.youtube.com/watch?v=NiP7cJIEkCc,43,20250115,1534,71,4
vffVnfxKHB0,Warum verliert Lothar Matth√§us seinen Kapit√§ns-Job? üòÆ‚Äçüí®  | FC Hollywood in der ZDF Mediathek,https://www.youtube.com/watch?v=vffVnfxKHB0,57,20250114,1686,27,5
Fxyhjbqf08A,CEO tauscht Job mit Sozialarbeiterin | Takeover (Teil 1/3) | unbubble,https://www.youtube.com/watch?v=Fxyhjbqf08A,1034,20250112,32138,1021,184
PfjACOxLfv0,üë¥üèª Alter wei√üer Mann = Diskriminierend? | unbubble #shorts,https://www.youtube.com/watch?v=PfjACOxLfv0,13,20250111,8513,190,57
YUA9N7kDAkY,üëâ‚Äã Schafft Jo 13 Fragen in einer Minute? | unbubble,https://www.youtube.com/watch?v=YUA9N7kDAkY,78,20250108,9389,353,9
DC0KPyE_Dog,"Gen Z, Millennials, Boomer: Warum streiten sich die Generationen so? | 13 Fragen | unbubble",https://www.youtube.com/watch?v=DC0KPyE_Dog,2110,20250108,150605,3918,1407
pTgVbv6Ls7s,#MentalHealth: Ist Social Media der richtige Ort f√ºr Aufkl√§rung? I Sag‚Äôs mir #shorts,https://www.youtube.com/watch?v=pTgVbv6Ls7s,57,20250107,2296,84,2
T-QLOIN8IqA,Noch mehr Hyaluron: Machen oder lassen? | unfiltered live #shorts,https://www.youtube.com/watch?v=T-QLOIN8IqA,40,20250105,3908,80,2
olFOKRA_1To,"""Die Gen Z definiert sich nicht √ºber Arbeit und Besitz."" | Sag's mir #shorts",https://www.youtube.com/watch?v=olFOKRA_1To,50,20250102,2587,97,8
1bAxJYz6m38,Noch mehr Botox? Das Problem mit dem Altern |13 Fragen #shorts,https://www.youtube.com/watch?v=1bAxJYz6m38,43,20250101,3353,52,9
24ihWIkYphA,M√ºssen Konzerttickets wieder billiger werden? | 13 Fragen #shorts,https://www.youtube.com/watch?v=24ihWIkYphA,71,20241231,3468,70,3
_fwgHw5zO4Q,Trash TV - Pro oder Contra? 13 Fragen | #shorts,https://www.youtube.com/watch?v=_fwgHw5zO4Q,124,20241230,1791,32,1
Qjpbj8tNAhY,Facelift mit mitte 50?  @DesyF  bei unfiltered live,https://www.youtube.com/watch?v=Qjpbj8tNAhY,56,20241229,7680,138,19
kOLByjX_STM,"Goodbye ""Sag's mir"", es war sch√∂n! üò¢‚ù§ | unbubble #shorts",https://www.youtube.com/watch?v=kOLByjX_STM,44,20241228,3132,74,9
bFU9F7yenOc,Deeptalk mitten in der Innenstadt? üé• | unbubble #shorts,https://www.youtube.com/watch?v=bFU9F7yenOc,53,20241227,2920,79,4
cRwyXhlcB30,"Lustiges Missverst√§ndnis am Set von ""Mind Dates"" üòÇ | unbubble #shorts",https://www.youtube.com/watch?v=cRwyXhlcB30,16,20241226,4770,110,7
Wc9rD7_MdhA,K√§se-Monis Tipps f√ºr entspannte Weihnachten! üß°‚Äã | unbubble #shorts,https://www.youtube.com/watch?v=Wc9rD7_MdhA,30,20241221,2805,127,3
MKyJ3KCtZdY,Hat jemand Tipps f√ºr entspannte Weihnachten? ü´• | unbubble #shorts,https://www.youtube.com/watch?v=MKyJ3KCtZdY,25,20241220,1939,54,1
wK5EOQ-Mxcc,Sind Konzerttickets zu teuer geworden? ü§ë | unbubble #shorts,https://www.youtube.com/watch?v=wK5EOQ-Mxcc,67,20241219,2984,71,15
uqYr1aq_6Dk,"Taylor Swift, Adele & Co: Sind Konzerttickets zu teuer geworden? | 13 Fragen | unbubble",https://www.youtube.com/watch?v=uqYr1aq_6Dk,2162,20241218,87180,1806,1040
oKSL-u9q7ps,"‚ÄûDie Witze sind diskriminierend und Menschenentw√ºrdigend.""| unbubble #shorts",https://www.youtube.com/watch?v=oKSL-u9q7ps,65,20241215,3178,127,29
cbWcnLCcPlU,Warum schweigt ganz Hollywood? üò≤ ‚Äã| unbubble #shorts,https://www.youtube.com/watch?v=cbWcnLCcPlU,40,20241214,3948,67,2
VLUtpYTqdy8,üîç‚Äã Sprechen wir zu viel √ºber Mental-Health auf Social Media? | unbubble,https://www.youtube.com/watch?v=VLUtpYTqdy8,59,20241213,6489,147,13
puJTPLVHJdk,Konsequenzen f√ºr Luke Mockridge? ü§î‚Äã | unbubble,https://www.youtube.com/watch?v=puJTPLVHJdk,57,20241212,29118,340,67
GSkhy8jnOek,Bist du ein Clean-Girl?? ‚ú®‚Äã| unbubble #shorts,https://www.youtube.com/watch?v=GSkhy8jnOek,58,20241211,3645,81,3
TBRWsrQshXQ,"ADHS, Autismus und Depression: falsche Diagnose durch Social Media? I Sag‚Äôs mir | unbubble",https://www.youtube.com/watch?v=TBRWsrQshXQ,1565,20241211,60165,1590,524
WV7_lLUUgLY,"Regionalit√§t bei ALDI? Bei ""Greenwashed?"" wird ganz genau hingeschaut! | Empfehlung #shorts",https://www.youtube.com/watch?v=WV7_lLUUgLY,58,20241210,1918,72,0
gMs9_bJrYUs,"P. Diddy: Facts, Gossip und wie es mit #MeToo weitergeht  | unbubble #shorts",https://www.youtube.com/watch?v=gMs9_bJrYUs,30,20241209,2132,36,5
KdqEZcv7y-c,Deep Talk: Oma macht den besten Kartoffelsalat? ‚Äã‚Äã‚Äã‚ú®‚Äã‚Äã| unbubble #shorts,https://www.youtube.com/watch?v=KdqEZcv7y-c,38,20241208,1988,36,1
CW1pg627zDQ,Ist D√ºnnsein bald wieder out? ‚Äã‚Äã@DesyF  | unbubble #shorts,https://www.youtube.com/watch?v=CW1pg627zDQ,25,20241207,6998,132,43
mpDZKksg_Cc,Solarium-Blindness? ‚Äã‚Äã‚ÄãüëÄ‚Äã ‚Äã‚Äã‚Äã @DesyF‚Äã‚Äã| unbubble #shorts,https://www.youtube.com/watch?v=mpDZKksg_Cc,35,20241206,7014,117,4
RnvLMmS62wY,P.Diddy: Was geht in Hollywood ab?  | unbubble #shorts,https://www.youtube.com/watch?v=RnvLMmS62wY,60,20241205,3332,71,3
A53rrJ5YVUk,Nur 3 Tage die Woche arbeiten? üò¨‚Äã | unbubble #shorts,https://www.youtube.com/watch?v=A53rrJ5YVUk,51,20241204,4664,85,15
2gynLDcCqMM,Grenzen des Humors: Wann geht ein Witz zu weit? | Sag's mir | unbubble,https://www.youtube.com/watch?v=2gynLDcCqMM,1546,20241204,40823,801,939
yeLTg-0J-zA,"""Ich liebe meine Familie, aber es ist anstrengend"" ‚Äì Deep Talk mit Fremden | Mind Dates | unbubble",https://www.youtube.com/watch?v=yeLTg-0J-zA,612,20241201,7248,248,24
9Dq-4rgtxVU,Beauty Eingriffe: Perfektes Aussehen vs. Risiken!? üíâ | unbubble #shorts,https://www.youtube.com/watch?v=9Dq-4rgtxVU,45,20241129,3247,68,3
79asvu39HEw,Lippen aufspritzen oder Nase begradigen: W√ºrdet ihr einen Eingriff machen lassen? | unbubble #shorts,https://www.youtube.com/watch?v=79asvu39HEw,50,20241128,5207,134,15
Aj9sminoTNE,Klimaschutz: M√ºssen wir alle mehr verzichten? | 13 Fragen | unbubble,https://www.youtube.com/watch?v=Aj9sminoTNE,2090,20241127,75873,1366,816
w3sl4SZvbes,"Checkt die neue Folge von ""Mind Dates"" zum Thema Ver√§nderungen aus! ü§ó | unbubble #shorts",https://www.youtube.com/watch?v=w3sl4SZvbes,29,20241124,3255,82,5
cpXfjb4pMJw,üî¥ Sch√∂nheits-OPs: Perfektes Aussehen vs. Risiken!? Mit @DesyF Maraam & Victoria | unfiltered live,https://www.youtube.com/watch?v=cpXfjb4pMJw,3703,20241122,6493,105,25
TTzXLs4Sgd4,Team Ver√§nderungen oder Team Komfortzone? Wie ist es bei euch? ‚ú® | unbubble #shorts,https://www.youtube.com/watch?v=TTzXLs4Sgd4,49,20241121,2457,70,3
3CqOnKVYnGU,Fremde f√ºhren Deeptalk! ‚ù§Ô∏è‚Äçü©π‚Äãü•π‚Äã | unbubble #shorts,https://www.youtube.com/watch?v=3CqOnKVYnGU,43,20241118,3696,121,0
CNL5f6Zg85U,Deep Talk mit Fremden: Entscheidungen & Ver√§nderungen im Leben | Mind Dates | unbubble,https://www.youtube.com/watch?v=CNL5f6Zg85U,621,20241117,14639,654,63
hp1VMhwZCOg,Reality TV: Trash oder Unterhaltungskunst? | unbubble #shorts,https://www.youtube.com/watch?v=hp1VMhwZCOg,36,20241115,3480,54,3
sKiuIJ0GUM4,"Selbstbestimmungsgesetz: ""Die Missbrauchsm√∂glichkeiten sind unendlich."" |  Sag's mir | unbubble",https://www.youtube.com/watch?v=sKiuIJ0GUM4,1432,20241113,49937,1090,3432
9Qv_J1V4-TY,Aus Reality TV lernen? | unbubble #shorts,https://www.youtube.com/watch?v=9Qv_J1V4-TY,58,20241112,2389,37,3
dsfBHPUURew,P. Diddy: K√∂nnt ihr noch seine Songs h√∂ren? | unbubble #shorts,https://www.youtube.com/watch?v=dsfBHPUURew,40,20241110,5699,75,24
clj3onyMJKM,That-Girl sein = privilegiert? üëÄ | unbubble #shorts,https://www.youtube.com/watch?v=clj3onyMJKM,58,20241108,8655,133,21
eWib-02Bfy4,Reality TV-Formate bewerten: Pro oder Contra? | unbubble #shorts,https://www.youtube.com/watch?v=eWib-02Bfy4,48,20241107,3573,59,2
6gLwqeGC0mU,"Love Island, Dschungelcamp & Co: Ist Reality TV Trash oder gute Unterhaltung? | 13 Fragen | unbubble",https://www.youtube.com/watch?v=6gLwqeGC0mU,2176,20241106,126965,1866,594
VvJDaTlDiH4,‚ÄûIch kann P. Diddy nicht mehr h√∂ren!‚Äú @Vicareich üò≥ | unbubble #shorts,https://www.youtube.com/watch?v=VvJDaTlDiH4,37,20241105,6779,68,23
XiO_tmpizo0,Alles geben f√ºr die Karriere? üôÉ | unbubble #shorts,https://www.youtube.com/watch?v=XiO_tmpizo0,46,20241104,4601,80,28
Yi0l9NXrb08,Salwa reagiert auf eure Kommentare! üò≥ | unbubble #shorts,https://www.youtube.com/watch?v=Yi0l9NXrb08,60,20241103,18437,615,110
AJSrJA01v7Q,Selbstoptimierung ohne Konsum? | unbubble #shorts,https://www.youtube.com/watch?v=AJSrJA01v7Q,56,20241031,4290,83,5
6Qy08eYVmsk,Gen Z: Kein Bock auf Arbeit & Hustle Culture? | Sag's mir | unbubble,https://www.youtube.com/watch?v=6Qy08eYVmsk,1434,20241030,50076,985,596
69gyg-ekj1Q,"CleanGirl, ThatGirl, Biohacking: √úbertriebene Selbstoptimierung?  | 13 Fragen | unbubble",https://www.youtube.com/watch?v=69gyg-ekj1Q,2122,20241023,239210,4227,1025
B2_79SQ87xQ,"üî¥ P. Diddy: Facts, Gossip und wie es mit #MeToo weitergeht  | unfiltered live",https://www.youtube.com/watch?v=B2_79SQ87xQ,3330,20241017,21469,267,153
pX3syHeJz2M,Ukraine-Krieg: Soll Deutschland weiter Waffen liefern? | 13 Fragen | unbubble,https://www.youtube.com/watch?v=pX3syHeJz2M,2128,20241016,112677,2195,2670
B7kPTEo0M3s,Was verdient unser Chef? ü§î‚Äã Jo reagiert | unbubble #shorts,https://www.youtube.com/watch?v=B7kPTEo0M3s,60,20241013,18610,938,41
xg4pXyTS3tQ,"‚ÄûIch lebe in st√§ndiger Angst und Trauer."" | unbubble",https://www.youtube.com/watch?v=xg4pXyTS3tQ,57,20241010,8374,229,23
GpaieGEp4fA,Welches Leid wird gesehen? Nahost-Konflikt in Deutschland | unbubble #shorts,https://www.youtube.com/watch?v=GpaieGEp4fA,52,20241009,4824,110,73
9_Tf3fAdSek,"""Ich habe 85 Familienmitglieder verloren"" | unbubble #shorts",https://www.youtube.com/watch?v=9_Tf3fAdSek,60,20241006,21011,401,119
v-1Gg1fqmA4,Nahostkonflikt: ‚ÄúIch w√ºnsche mir mehr Empathie uns Juden gegen√ºber‚Äù | Sag's Mir | unbubble,https://www.youtube.com/watch?v=v-1Gg1fqmA4,1599,20241006,95180,1640,2189
LHCKeAc5UM8,Eine KI hat Liebeskummer? üò≤‚Äã | unbubble #shorts,https://www.youtube.com/watch?v=LHCKeAc5UM8,42,20241004,3623,82,15
KjYvJvJcbNg,"""Jeder, der einen Prompt eingeben kann, ist Musiker!"" | unbubble #shorts",https://www.youtube.com/watch?v=KjYvJvJcbNg,39,20241002,9412,126,36
u0Iz4DfXwHc,KI in Popkultur: Wird uns K√ºnstliche Intelligenz ersetzen? | 13 Fragen | unbubble,https://www.youtube.com/watch?v=u0Iz4DfXwHc,2215,20240925,101244,1898,1020
sOZsRoiAqf8,Gleiche Schule f√ºr alle?ü§î | unbubble #shorts,https://www.youtube.com/watch?v=sOZsRoiAqf8,59,20240924,3547,105,34
VmR5EQlarrI,"Das ""13 Fragen""-Spiel: Pro oder Contra, Salwa und Jo? | unbubble #shorts",https://www.youtube.com/watch?v=VmR5EQlarrI,49,20240919,17031,353,60
OiWYrJxvmME,Ist das Schulsystem unfair? | unbubble # shorts,https://www.youtube.com/watch?v=OiWYrJxvmME,26,20240917,4202,114,15
eZqEJy5XwhA,Ist die Clubkultur in Gefahr?| unbubble #shorts,https://www.youtube.com/watch?v=eZqEJy5XwhA,58,20240915,2633,44,0
LXpP97pAx3o,Clubsterben: Sollten Clubs Kulturgut sein? | unbubble #shorts,https://www.youtube.com/watch?v=LXpP97pAx3o,48,20240913,3048,71,17
HZLsB2zL2Xc,"Clubsterben: Sind Berghain, Tresor & Co. Kulturgut? | Sag's Mir | unbubble",https://www.youtube.com/watch?v=HZLsB2zL2Xc,1508,20240911,19683,402,120
rQv25zyDJVo,Rabbit Holes & Doomscrolling: Sollte TikTok verboten werden?| unbubble,https://www.youtube.com/watch?v=rQv25zyDJVo,60,20240910,3721,85,14
NEwl_bqYLdk,"""Es ist klar, dass alle Kinder auf das Gymnasium wollen."" | unbubble #shorts",https://www.youtube.com/watch?v=NEwl_bqYLdk,42,20240906,28027,666,55
m-AZqxSa_Dw,Zu hohe Erwartungen an junge Frauen? @Vicareich @danielslumpp  | unbubble #shorts,https://www.youtube.com/watch?v=m-AZqxSa_Dw,38,20240904,8718,206,46
nP64ZlCbXGw,Schulsystem reformieren ‚Äì Gymnasium abschaffen? | 13 Fragen | unbubble,https://www.youtube.com/watch?v=nP64ZlCbXGw,2094,20240904,481715,12241,2760
ctIEEAg80oU,"""Deutschland, warum bist du so?"" üé•‚Äã Jetzt in der ZDF Mediathek! | unbubble #shorts",https://www.youtube.com/watch?v=ctIEEAg80oU,50,20240902,10769,181,41
Wqk2qI2etww,Tradwives die neuen Feministinnen? @danielslumpp| unbubble #shorts,https://www.youtube.com/watch?v=Wqk2qI2etww,31,20240829,7033,97,5
vuCYlvSslE0,Tradwives: Was steckt hinter dem Trend? Mit Gast Daniel Slump | unfiltered live | unbubble,https://www.youtube.com/watch?v=vuCYlvSslE0,1512,20240828,33793,537,245
YHF2VS_GIoc,Ver√§nderung durch die AfD? ü§î | unbubble #shorts,https://www.youtube.com/watch?v=YHF2VS_GIoc,53,20240827,3387,118,31
9Dy1aS7dAkA,AfD w√§hlen: Migration begrenzen? | unbubble #shorts,https://www.youtube.com/watch?v=9Dy1aS7dAkA,52,20240823,5754,92,32
Kjvz74zsILo,"AfD w√§hlen: ‚ÄûIch erhoffe mir von der AfD, dass sich was √§ndert‚Äú | Sag's mir | unbubble",https://www.youtube.com/watch?v=Kjvz74zsILo,1510,20240821,235776,6979,4471
9W-bVW-nbiM,Krasse Autounf√§lle auf TikTok? @AliciaJoe | unbubble #shorts,https://www.youtube.com/watch?v=9W-bVW-nbiM,27,20240821,39967,666,24
gOpKDPj33fQ,"Was, wenn TikTok abgeschafft wird? | unbubble #shorts",https://www.youtube.com/watch?v=gOpKDPj33fQ,27,20240819,10400,166,24
iy56TiaevUc,TikTok: Chance oder Gefahr? I unbubble #shorts,https://www.youtube.com/watch?v=iy56TiaevUc,30,20240816,5901,128,6
36cwh1ti_RI,"Rabbit Holes, Virale Trends, Doomscrolling: Ist TikTok gef√§hrlich? | 13 Fragen | unbubble",https://www.youtube.com/watch?v=36cwh1ti_RI,2124,20240814,420854,9225,1757
HlsjjUdZDaI,"‚ÄûDeutschland, warum bist du so?‚Äú üé•  Jetzt in der ZDF Mediathek! | #shorts",https://www.youtube.com/watch?v=HlsjjUdZDaI,60,20240809,7031,199,87
s_a4sFgqfQM,"Bargeld abschaffen, ja oder nein? ü§ù‚Äã | unbubble #shorts",https://www.youtube.com/watch?v=s_a4sFgqfQM,60,20240808,5509,124,72
I2UyW7Vh-bI,Helfen Freiwilligendienste wirklich? ü§î | unbubble #shorts,https://www.youtube.com/watch?v=I2UyW7Vh-bI,55,20240807,2900,72,7
pR6gFEinICI,Vorurteile und Rassismus beim Frewilligendienst? | unbubble #shorts,https://www.youtube.com/watch?v=pR6gFEinICI,56,20240805,15081,389,16
v_fdxTuG4x0,Nur mal kurz die Welt retten: Helfen Freiwilligendienste wirklich?  | unbubble #shorts,https://www.youtube.com/watch?v=v_fdxTuG4x0,56,20240804,2380,68,0
H2RANmWg_3M,Sind Auslands-Freiwilligendienste rassistisch? | unbubble #shorts,https://www.youtube.com/watch?v=H2RANmWg_3M,37,20240802,3518,106,50
ZlT-SdW2ABw,Freiwilligendienst im Ausland: Egotrip oder echte Hilfe? | Sag's mir | unbubble,https://www.youtube.com/watch?v=ZlT-SdW2ABw,1357,20240731,87564,3472,320
3_wCXBVNc4k,Nur Bares ist Wahres? | unbubble #shorts,https://www.youtube.com/watch?v=3_wCXBVNc4k,15,20240728,5207,74,37
_pL7XbO1E0c,Abschaffung von Bargeld = weniger Kriminalit√§t? | unbubble #shorts,https://www.youtube.com/watch?v=_pL7XbO1E0c,44,20240725,9714,114,26
Cm7u2ffTnEc,Cash oder Karte: Sollte Bargeld abgeschafft werden? | 13 Fragen | unbubble,https://www.youtube.com/watch?v=Cm7u2ffTnEc,2122,20240724,135005,2667,2158
hs2te828LSQ,"Hinter den Kulissen von ""Sag's mir"" #unbubble #sagsmir #bts",https://www.youtube.com/watch?v=hs2te828LSQ,38,20240721,3630,86,0
suFhX5360wY,Nur 4 Tage pro Woche arbeiten?  #unbubble #13fragen,https://www.youtube.com/watch?v=suFhX5360wY,60,20240718,6615,217,45
wcCQO0ke3Ts,"Tsch√ºss, Germany‚Äòs Next Topmodel? | unbubble #shorts",https://www.youtube.com/watch?v=wcCQO0ke3Ts,55,20240716,6292,167,9
af8fkxBDhOQ,Schlie√üt man mit √ñko-Produkten Menschen aus? | unbubble #shorts,https://www.youtube.com/watch?v=af8fkxBDhOQ,42,20240714,4265,112,11
zD9t3Wruw8E,Landwirtschaft und Ern√§hrung: Feindbild die Gr√ºnen? | unbubble #shorts,https://www.youtube.com/watch?v=zD9t3Wruw8E,36,20240711,6456,112,28
aRthDsTBQMo,"Landwirtschaft & Ern√§hrung: Weniger Tiere halten, mehr Pflanzen essen? | Sag's Mir | unbubble",https://www.youtube.com/watch?v=aRthDsTBQMo,1389,20240710,40231,970,655
jUAhAcwi7tw,"Wer nur 4 Tage arbeiten will, ist faul? | unbubble #shorts",https://www.youtube.com/watch?v=jUAhAcwi7tw,25,20240707,4939,48,30
-p5l6A1RgTE,Fachkr√§ftemangel und trotzdem Vier-Tage-Woche? | unbubble #shorts,https://www.youtube.com/watch?v=-p5l6A1RgTE,25,20240705,2699,80,18
gYaMAqdDpsY,Vier-Tage-Woche in der Pflege? | unbubble #shorts,https://www.youtube.com/watch?v=gYaMAqdDpsY,38,20240704,9219,232,38
2GLD2vL6Yb4,4-Tage-Woche: Weniger arbeiten ‚Äì mehr freie Zeit? | 13 Fragen | unbubble,https://www.youtube.com/watch?v=2GLD2vL6Yb4,2135,20240703,259313,4499,3587
raQEaM2Vav8,"Fu√üball: ""Menschenrechte m√ºssen besch√ºtzt werden!""",https://www.youtube.com/watch?v=raQEaM2Vav8,35,20240630,6565,193,74
FTQgaX0Rn40,‚ÄûLasst politische Streitfragen au√üerhalb des Stadions‚Äú | unbubble #shorts,https://www.youtube.com/watch?v=FTQgaX0Rn40,31,20240627,7817,137,68
fDQvM6w2nDQ,"""13 Fragen unterwegs"": Ist der Fu√üball zu politisch geworden? | unbubble #shorts",https://www.youtube.com/watch?v=fDQvM6w2nDQ,60,20240626,5540,151,40
d4p5r81GJ2A,‚ÄûPolitik hat in den Sportstadien nichts zu suchen!‚Äú | unbubble #shorts,https://www.youtube.com/watch?v=d4p5r81GJ2A,36,20240625,2089,43,12
Nvgncgxj_ps,"‚ÄûIch liebe Fu√üball, aber nicht Deutschland‚Äú | unbubble #shorts",https://www.youtube.com/watch?v=Nvgncgxj_ps,58,20240623,5306,90,70
wIHBCVs0JRw,‚ÄûDeutschlandfahnen geh√∂ren zur EM dazu! | unbubble #shorts,https://www.youtube.com/watch?v=wIHBCVs0JRw,40,20240621,3120,64,23
JTPD758g3XQ,"Fu√üball EM & Patriotismus: ""Wieder stolz auf unser Land sein"" | Sag's mir | unbubble",https://www.youtube.com/watch?v=JTPD758g3XQ,1415,20240619,46178,942,749
_ATL6RQwxsY,"""Der DFB muss eine solche WM boykottieren!"" | unbubble #shorts",https://www.youtube.com/watch?v=_ATL6RQwxsY,49,20240617,10997,303,109
kLbWw0oYkD0,EM: Hat Politik im Fu√üball nichts zu suchen? | 13 Fragen | unbubble,https://www.youtube.com/watch?v=kLbWw0oYkD0,2114,20240616,148795,3018,1713
SDy0NUvjgIA,"Schwangerschaftsabbruch: ""¬ß218 geh√∂rt ins Strafgesetzbuch."" | unbubble #shorts",https://www.youtube.com/watch?v=SDy0NUvjgIA,45,20240614,6551,81,66
nDrWJSFp1tQ,Schwangerschaftsabbruch: ‚ÄûMein Leben w√§re nicht erhalten worden.‚Äú | unbubble #shorts,https://www.youtube.com/watch?v=nDrWJSFp1tQ,35,20240613,26180,558,157
_nRs9JLyvWg,Ungewollt schwanger: Abtreibung legalisieren und ¬ß 218 streichen? | 13 Fragen | unbubble,https://www.youtube.com/watch?v=_nRs9JLyvWg,2116,20240612,358831,6152,4433
RLX8yV8k7Ec,M√§nnlichkeit: Andrew Tate als Vorbild? | unbubble #shorts,https://www.youtube.com/watch?v=RLX8yV8k7Ec,58,20240610,38107,859,372
-iABQPomNzQ,‚ÄûEin Mann sollte nicht vor seiner Frau und vor seinen Kindern weinen.‚Äú | unbubble #shorts,https://www.youtube.com/watch?v=-iABQPomNzQ,15,20240606,11854,85,294
blR9Zy5u1W4,M√§nner zu weich geworden? Moderne vs. traditionelle M√§nnlichkeit | 13 Fragen | unbubble,https://www.youtube.com/watch?v=blR9Zy5u1W4,2497,20240605,793241,14008,12802
FvrQJ0hpPyU,"Organspende: ""Meine Eltern haben mir je einen Teil ihrer Lunge transplantiert"" | unbubble #shorts",https://www.youtube.com/watch?v=FvrQJ0hpPyU,39,20240602,6296,222,10
Sr1ixKx1cpI,"Organspende: ""Schweigen ist auf keinen Fall Zustimmung!""| unbubble #shorts",https://www.youtube.com/watch?v=Sr1ixKx1cpI,33,20240531,3866,97,23
puAkaTv9hOs,Organspende: Mehr Leben retten mit Widerspruchsl√∂sung? | Sag's mir | unbubble,https://www.youtube.com/watch?v=puAkaTv9hOs,1428,20240529,28863,608,708
btJTo-KwWD8,Bierflasche mit Smartphone √∂ffnen!? Was ist dein Trick? | unbubble #shorts,https://www.youtube.com/watch?v=btJTo-KwWD8,34,20240528,3613,65,21
60CEElFPht0,Dorfkinder und Landleben: Stimmen die Klischees? | Time to Pretend | unbubble,https://www.youtube.com/watch?v=60CEElFPht0,1205,20240527,17327,502,95
RIM5ronT41I,Partner*in will die Beziehung √∂ffnen - W√ºrdet ihr euch trennen? | unbubble #shorts,https://www.youtube.com/watch?v=RIM5ronT41I,56,20240525,6428,83,8
PERuT-e3j9k,"Schlecht im Bett, offene Beziehung, Kinderwunsch: Grund zur Trennung?! | DAS RANKING | unbubble",https://www.youtube.com/watch?v=PERuT-e3j9k,654,20240524,20156,360,115
OOTh5koCxss,"Mind Dates: ""Da habe ich mir sehr geliebt gef√ºhlt."" | unbubble #shorts",https://www.youtube.com/watch?v=OOTh5koCxss,48,20240522,4364,119,3
lc5M7csXYXI,Deeptalk mit Fremden: Liebe und Beziehungen | Mind Dates | unbubble,https://www.youtube.com/watch?v=lc5M7csXYXI,632,20240521,26237,1709,169
FJHNjpoWmck,"""Frauen k√∂nnen frei entscheiden, eine Leihmutter f√ºr jemanden anderen zu sein."" | unbubble #shorts",https://www.youtube.com/watch?v=FJHNjpoWmck,39,20240516,4421,83,17
jmj8eH0Terc,"Leihmutterschaft: ""Meine Identit√§tsgeschichte war nicht immer ganz einfach."" | unbubble #shorts",https://www.youtube.com/watch?v=jmj8eH0Terc,45,20240514,18908,327,21
eRiDjiXQ47Y,Leihmutterschaft: Kinderwunsch um jeden Preis? | Sag's mir | unbubble,https://www.youtube.com/watch?v=eRiDjiXQ47Y,1397,20240508,42979,822,914
L8gvUXc-lY8,Sicherheit oder Freiheit? Brauchen wir wieder eine Wehrpflicht? | unbubble #shorts,https://www.youtube.com/watch?v=L8gvUXc-lY8,28,20240505,4765,95,39
Ku7CW8wmvdY,"Wehrpflicht: ""Niemand sollte gezwungen werden!"" | unbubble #shorts",https://www.youtube.com/watch?v=Ku7CW8wmvdY,60,20240503,5225,116,55
NMKLYYTB2HQ,Krieg in Europa: Muss die Wehrpflicht zur√ºck? | 13 Fragen | unbubble,https://www.youtube.com/watch?v=NMKLYYTB2HQ,2366,20240501,268409,4650,4018
Pl2OvE_X7kE,So lange dauert eine #13 Fragen Debatte | unbubble #shorts,https://www.youtube.com/watch?v=Pl2OvE_X7kE,36,20240426,12759,302,16
fr-2WCiVXK4,Wir m√ºssen alles erwarten - auch das Gute | unbubble,https://www.youtube.com/watch?v=fr-2WCiVXK4,20,20240423,5652,205,11
L2WZvFLNUCU,"K√∂rper, Aussehen, Gewicht: Optimieren oder Akzeptieren?| unbubble #shorts",https://www.youtube.com/watch?v=L2WZvFLNUCU,53,20240421,6440,101,68
aluJDRKokrc,Eigenen K√∂rper optimieren oder akzeptieren? | unbubble #shorts,https://www.youtube.com/watch?v=aluJDRKokrc,56,20240419,8866,166,41
6rt1O5FOSCY,"Ges√ºnder, sch√∂ner, besser: Selbstoptimierung vs. K√∂rperakzeptanz? | Sag's mir | unbubble",https://www.youtube.com/watch?v=6rt1O5FOSCY,1421,20240417,79743,1381,780
B9msHrA7v2k,Hom√∂opathie als Kassenleistung abschaffen? | unbubble #shorts,https://www.youtube.com/watch?v=B9msHrA7v2k,55,20240414,8614,214,11
I3CjEGCj370,Placebo: Sollte Hom√∂opathie Kassenleistung sein?  | unbubble #shorts,https://www.youtube.com/watch?v=I3CjEGCj370,55,20240412,4748,79,26
r7_IOzoAYyo,Hom√∂opathie: Placebo Effekt auf Kosten der Krankenkasse? | 13 Fragen | unbubble,https://www.youtube.com/watch?v=r7_IOzoAYyo,2214,20240410,209524,3613,4148
J81IfkgiHcA,"""Radikalismus kann es √ºberall geben."" | unbubble #shorts",https://www.youtube.com/watch?v=J81IfkgiHcA,48,20240407,6278,128,21
fdjFdxlfl7E,"""Niemand hat jemals die Kontrolle."" | unbubble #shorts",https://www.youtube.com/watch?v=fdjFdxlfl7E,59,20240405,6523,124,22
BA327bVq6tA,Linksextremismus: Wird Gewalt von links untersch√§tzt? | 13 Fragen | unbubble,https://www.youtube.com/watch?v=BA327bVq6tA,2645,20240403,187422,3105,3108
TWgp8nD89qs,"""Die AfD hat kein echtes Interesse an einem Dialog."" | unbubble #shorts",https://www.youtube.com/watch?v=TWgp8nD89qs,59,20240402,8141,166,83
vzQCl1_UPQg,"""Die AfD ist antidemokratisch."" ‚Äì Sollte man mit Rechten reden? | unbubble #shorts",https://www.youtube.com/watch?v=vzQCl1_UPQg,27,20240329,6589,166,56
stBpkco-bp4,Mit der AfD reden ‚Äì notwendig oder gef√§hrlich? | Sag's mir | unbubble,https://www.youtube.com/watch?v=stBpkco-bp4,1496,20240327,87478,2813,2547
Pq2iURS4uMU,AfD-Verbot zum Schutz unserer Demokratie? | unbubble #shorts,https://www.youtube.com/watch?v=Pq2iURS4uMU,27,20240325,7001,167,158
W9mDiF5C49c,"""Die AfD zu verbieten w√§re der gr√∂√üte Fehler."" | unbubble #shorts",https://www.youtube.com/watch?v=W9mDiF5C49c,42,20240322,6571,195,63
Tl_BiASX38w,AfD als Partei verbieten? | 13 Fragen | unbubble,https://www.youtube.com/watch?v=Tl_BiASX38w,3047,20240320,480015,10772,12548
C3zkenre6EI,"""Ich mag, wenn das Chaos ausbricht."" | unbubble #shorts",https://www.youtube.com/watch?v=C3zkenre6EI,32,20240314,4691,159,6
nU8B60s6TUI,Welche Themen und G√§ste w√ºnscht ihr euch? | unbubble #shorts,https://www.youtube.com/watch?v=nU8B60s6TUI,28,20240313,2927,122,117
g7wglUTZ5HU,"""Gendern spaltet die Gesellschaft."" | unbubble #shorts",https://www.youtube.com/watch?v=g7wglUTZ5HU,53,20240311,8926,187,62
FtlqS69SLR8,Gendern: Gleichberechtigung oder Angriff auf die Sprache? | Sag's mir | unbubble,https://www.youtube.com/watch?v=FtlqS69SLR8,1584,20240306,151582,2874,3219
WdwNvLZiP6I,Kein Platz f√ºr junge Menschen in der Politik? #unbubble  #13fragen #politik,https://www.youtube.com/watch?v=WdwNvLZiP6I,60,20240304,3489,93,14
1spN8boZJPQ,Politik zu alt: Werden junge Menschen √ºbergangen? | unbubble #shorts,https://www.youtube.com/watch?v=1spN8boZJPQ,58,20240301,4874,130,5
_ZqFta0lxuk,Politik f√ºr Alte: Wird der jungen Generation die Zukunft verbaut? | 13 Fragen | unbubble,https://www.youtube.com/watch?v=_ZqFta0lxuk,2473,20240228,186632,3129,1386
rv1X3HOBYWA,Making-of 13 Fragen | unbubble #unbubble #13fragen,https://www.youtube.com/watch?v=rv1X3HOBYWA,60,20240225,5201,139,9
Oz3Tt7A37Eo,Blick hinter die Kulissen von #13fragen #unbubble,https://www.youtube.com/watch?v=Oz3Tt7A37Eo,59,20240223,7802,286,14
p_6VT_9-eq0,Wie entsteht 13 Fragen? Behind the Scenes mit Jo & Salwa I 13 Fragen I unbubble,https://www.youtube.com/watch?v=p_6VT_9-eq0,1020,20240221,42985,1593,213
pE7mmNGz9VU,‚ÄûDie Mutterschaft hat mich feministisch radikalisiert.‚Äú | unbubble #shorts,https://www.youtube.com/watch?v=pE7mmNGz9VU,42,20240219,6387,140,25
DRWTG9hdBqo,‚ÄûHausfrauen sollten nicht verurteilt werden.‚Äú | unbubble #shorts,https://www.youtube.com/watch?v=DRWTG9hdBqo,41,20240216,5887,137,39
es1g2Xz3ViU,Care Arbeit statt Karriere: Ist Hausfrau sein noch zeitgem√§√ü? | Sag's mir | unbubble,https://www.youtube.com/watch?v=es1g2Xz3ViU,1494,20240214,119814,2232,933
yRITaD-8JzU,√úber Dating-Apps die gro√üe Liebe finden? | unbubble #shorts,https://www.youtube.com/watch?v=yRITaD-8JzU,49,20240214,3558,47,17
zJXHJJ-9K30,Zerst√∂ren Dating-Apps die Liebe? | unbubble #shorts,https://www.youtube.com/watch?v=zJXHJJ-9K30,45,20240211,4859,111,10
Z_4IFDFPnFE,"Tinder, Bumble & Co.: Machen uns Dating-Apps ungl√ºcklich? | 13 Fragen | unbubble",https://www.youtube.com/watch?v=Z_4IFDFPnFE,2573,20240207,218627,3399,2129
ySOnRKFTZmA,Migration st√§rker begrenzen oder bedingungslos erlauben? I Sag‚Äôs mir I unbubble,https://www.youtube.com/watch?v=ySOnRKFTZmA,60,20240126,9190,267,27
cwQRYlOSSlE,Migration: Begrenzen oder zulassen? | Sag‚Äôs mir | unbubble,https://www.youtube.com/watch?v=cwQRYlOSSlE,1540,20240124,55841,1449,1083
6WyEumiFRjA,"Haushalt, Pflege, Kinder: Care-Arbeit bezahlen? | Unter Anderen | unbubble",https://www.youtube.com/watch?v=6WyEumiFRjA,1543,20240110,33284,535,386
ML6vqbxN8Wo,13 Fragen Quiz: Beauty-Eingriffe | unbubble #shorts,https://www.youtube.com/watch?v=ML6vqbxN8Wo,57,20240109,5048,81,11
hVakFPNi7mY,"""Ich verzichte auf Konsum"" | unbubble #shorts",https://www.youtube.com/watch?v=hVakFPNi7mY,53,20240105,10323,165,13
KQNLPl6j8Zo,Konsum oder Verzicht: Macht Kaufen gl√ºcklich? | Sag‚Äôs mir | unbubble,https://www.youtube.com/watch?v=KQNLPl6j8Zo,1404,20240103,174119,4217,562
oswwIXnVp3E,Muss Schluss sein mit Sch√∂nheits-OPs? | unbubble #shorts,https://www.youtube.com/watch?v=oswwIXnVp3E,58,20240101,5963,117,22
DvRyDmd51-o,Sch√∂nheits-OPs: Empowerment oder gef√§hrlicher Trend? | unbubble #shorts,https://www.youtube.com/watch?v=DvRyDmd51-o,54,20231229,7638,168,15
oNajdjXbOMI,"Botox, Nasen OP, BBL: Schluss mit Beauty-Eingriffen? | 13 Fragen | unbubble",https://www.youtube.com/watch?v=oNajdjXbOMI,2513,20231227,350272,4516,1634
fZ5jmlkc_eE,Rassismus: Was w√ºnschst du dir von der Gesellschaft? | unbubble #shorts,https://www.youtube.com/watch?v=fZ5jmlkc_eE,59,20231226,4591,182,61
Pe8VF1tySoA,Schwarz sein in Deutschland | unbubble #shorts,https://www.youtube.com/watch?v=Pe8VF1tySoA,41,20231222,6317,139,29
_YzWiA3w6wk,Rassismus: Ist Schwarz sein in Deutschland gef√§hrlich? | Unter Anderen | unbubble,https://www.youtube.com/watch?v=_YzWiA3w6wk,1526,20231220,53679,1104,2300
tr9IiBnE43g,"""Die Welt w√§re ohne Religion eine bessere."" | unbubble #shorts",https://www.youtube.com/watch?v=tr9IiBnE43g,54,20231215,5721,179,18
8ZWjlDHnzzA,"Religion, Atheismus: Glauben oder nicht?!  | Sag's mir | unbubble",https://www.youtube.com/watch?v=8ZWjlDHnzzA,1566,20231213,117750,2825,2891
hYRsdloSQ1c,Migration und Zuwanderung st√§rker begrenzen? | unbubble #shorts,https://www.youtube.com/watch?v=hYRsdloSQ1c,49,20231210,2718,75,13
OO41wGLutws,Migration begrenzen? | unbubble #shorts,https://www.youtube.com/watch?v=OO41wGLutws,58,20231208,3459,121,34
faFNRXPrTyM,"Migration begrenzen, Kommunen entlasten? | 13 Fragen | unbubble",https://www.youtube.com/watch?v=faFNRXPrTyM,2617,20231206,307610,4763,3635
HJSXvmVEwUc,Ist Kinderkriegen egoistisch? | unbubble #shorts,https://www.youtube.com/watch?v=HJSXvmVEwUc,42,20231124,7432,128,69
Q93HU5xdleE,Sollte man in diese Welt noch Kinder setzen? | Sag‚Äôs mir | unbubble,https://www.youtube.com/watch?v=Q93HU5xdleE,1394,20231122,145573,3116,1848
2dcSJuSY1hw,Aus f√ºrs eigene Haus? | unbubble #shorts,https://www.youtube.com/watch?v=2dcSJuSY1hw,52,20231119,3127,95,8
dAMmU0UErnU,Der Traum vom eigenen Haus ‚Äì ausgetr√§umt? | unbubble #shorts,https://www.youtube.com/watch?v=dAMmU0UErnU,55,20231117,3548,117,3
QvkI6tapm4o,Schluss mit dem Traum vom Eigenheim? | 13 Fragen | unbubble,https://www.youtube.com/watch?v=QvkI6tapm4o,2471,20231115,288124,3418,2035
BnaygXqpd0M,West- und Ostdeutschland gleichberechtigt? | unbubble #shorts,https://www.youtube.com/watch?v=BnaygXqpd0M,42,20231110,2533,67,11
y3rtXELv-AE,Ossis und Wessis: Immer noch Unterschiede? | Unter Anderen | unbubble,https://www.youtube.com/watch?v=y3rtXELv-AE,1466,20231108,15034,250,131
yrQP8M_JWmQ,"""Ich war sechs Jahre pornos√ºchtig."" | unbubble #shorts",https://www.youtube.com/watch?v=yrQP8M_JWmQ,60,20231103,5460,71,14
au1KRt6K2S4,"Pornosucht: ""Das Problem sind nicht die Pornos!"" | Sag's mir | unbubble",https://www.youtube.com/watch?v=au1KRt6K2S4,1550,20231101,52123,772,371
R1QiBGRS8hY,Ist die Ehe am Ende? | unbubble #shorts,https://www.youtube.com/watch?v=R1QiBGRS8hY,51,20231030,5317,101,2
ts5Am37CK3s,"Verliebt, verlobt, verheiratet: Ist die Ehe √ºberholt? | 13 Fragen | unbubble",https://www.youtube.com/watch?v=ts5Am37CK3s,2412,20231025,195470,2747,1161
WM3ZYuPjzKk,Kirche abschaffen?! | unbubble #shorts,https://www.youtube.com/watch?v=WM3ZYuPjzKk,51,20231022,4583,129,9
ERLVggrfMyo,Was denkst du √ºber die Kirche? | unbubble #shorts,https://www.youtube.com/watch?v=ERLVggrfMyo,38,20231020,3362,86,5
ntL9MYIpkxU,Hat die Kirche noch eine Zukunft? | Unter Anderen | unbubble,https://www.youtube.com/watch?v=ntL9MYIpkxU,1485,20231018,35432,686,323
l1-lTEXsoZk,Stadt vs. Land ‚Äì wo lebt es sich besser? | unbubble #shorts,https://www.youtube.com/watch?v=l1-lTEXsoZk,58,20231013,7988,164,26
H6WNOlviDDw,Stadt vs. Land: Wo lebt es sich besser? | Sag's mir | unbubble,https://www.youtube.com/watch?v=H6WNOlviDDw,1303,20231011,48586,980,383
VSA_ydo_0RY,Wokeness f√ºr eine gerechtere Gesellschaft? | unbubble #shorts,https://www.youtube.com/watch?v=VSA_ydo_0RY,59,20231006,8304,130,47
RtdlGv-B_PY,Macht Wokeness unsere Gesellschaft gerechter? | 13 Fragen | unbubble,https://www.youtube.com/watch?v=RtdlGv-B_PY,2559,20231004,344005,4389,3451
LHyozLq0EBc,Monogamie ‚Äì noch zeitgem√§√ü? | Unter Anderen | unbubble,https://www.youtube.com/watch?v=LHyozLq0EBc,57,20230929,8714,122,24
phijXb7UeD4,"Offene Beziehung, Polyamorie ‚Äì Ist Monogamie noch zeitgem√§√ü? | Unter Anderen | unbubble",https://www.youtube.com/watch?v=phijXb7UeD4,1472,20230927,54162,924,434
uhNHdPG3VLw,Patriotismus f√ºr gesellschaftlichen Zusammenhalt? | unbubble #shorts,https://www.youtube.com/watch?v=uhNHdPG3VLw,53,20230924,6628,149,18
n7HB_bpJT3Y,Mit Patriotismus gegen die gespaltene Gesellschaft? | Sag‚Äôs mir | unbubble,https://www.youtube.com/watch?v=n7HB_bpJT3Y,1538,20230920,126621,2851,1451
87bEJFS1Ftk,Boykotte in der Kunst? | unbubble #shorts,https://www.youtube.com/watch?v=87bEJFS1Ftk,39,20230915,23974,409,77
oHZ0-hgS2d0,"Rammstein, Lizzo & Co.: Boykottieren nach Vorw√ºrfen? | 13 Fragen | unbubble",https://www.youtube.com/watch?v=oHZ0-hgS2d0,2552,20230913,609838,10540,4371
ZJSSrBt09YA,True Crime: Purer Voyeurismus? | unbubble #shorts,https://www.youtube.com/watch?v=ZJSSrBt09YA,60,20230908,5637,78,2
wNg6oCy2yxA,True Crime: ‚ÄúDie Faszination f√ºr Verbrechen ist einfach in uns drin.‚Äù | Unter Anderen | unbubble,https://www.youtube.com/watch?v=wNg6oCy2yxA,1233,20230906,23686,527,90
fx_hL1mwqdU,Zocken: Wird das Suchtpotenzial verharmlost? | unbubble #shorts,https://www.youtube.com/watch?v=fx_hL1mwqdU,59,20230901,5559,105,8
VQIdN4Lgp-Y,Free to Play und Pay to Win: Wenn Gaming s√ºchtig macht | Sag‚Äôs mir | unbubble,https://www.youtube.com/watch?v=VQIdN4Lgp-Y,1338,20230830,34258,873,252
Q6VjA9I84xs,eSports: Professionell zocken? | unbubble #shorts,https://www.youtube.com/watch?v=Q6VjA9I84xs,60,20230825,10092,252,15
qJ8AUJl95H0,"League of Legends, Fortnite, FIFA: Ist eSport echter Sport? | 13 Fragen | unbubble",https://www.youtube.com/watch?v=qJ8AUJl95H0,2449,20230823,230596,4953,3379
arx4OGUcVx8,Dating Shows: Trash oder Liebe? | unbubble #shorts,https://www.youtube.com/watch?v=arx4OGUcVx8,51,20230818,5787,94,14
ZaE8CxfjyhA,Sind Dating Shows verwerflich? | Unter Anderen | unbubble,https://www.youtube.com/watch?v=ZaE8CxfjyhA,1333,20230816,24936,458,126
A8S7CoC9SnE,Gen Z: Kein Bock auf Arbeit? | unbubble #shorts,https://www.youtube.com/watch?v=A8S7CoC9SnE,56,20230815,16412,310,90
BehnxhnJC-Y,Ist die Gen Z eine faule Generation? | 13 Fragen | unbubble,https://www.youtube.com/watch?v=BehnxhnJC-Y,2509,20230813,1805016,27942,12328
KOpIAqCR13U,"‚ÄûIch arbeite f√ºr 1,35 Euro die Stunde.‚Äú ‚ÄØSind Behindertenwerkst√§tten gerecht? | unbubble #shorts",https://www.youtube.com/watch?v=KOpIAqCR13U,57,20230811,11820,306,72
yT3gZ7e2-Cs,Behindertenwerkstatt: Chance oder Ausbeutung? | Sag's mir | unbubble,https://www.youtube.com/watch?v=yT3gZ7e2-Cs,1512,20230809,93202,2491,584
r_iN9chy2ew,Grenzenloser Spa√ü: Darf Humor alles? | 13 Fragen | unbubble,https://www.youtube.com/watch?v=r_iN9chy2ew,2503,20230802,1085585,14165,6442
p2DYkQA9K-g,Frauenfu√üball: Langsam und langweilig?! #shorts | unbubble,https://www.youtube.com/watch?v=p2DYkQA9K-g,50,20230728,9979,172,47
ExVrmLKJyzA,‚ÄúFrauenfu√üball hat mehr Aufmerksamkeit verdient!‚Äù | Unter Anderen | unbubble,https://www.youtube.com/watch?v=ExVrmLKJyzA,1060,20230726,27983,368,557
as4CqD1X2pU,Bundeswehr Offizier trifft Pazifisten | unbubble #shorts,https://www.youtube.com/watch?v=as4CqD1X2pU,50,20230721,5514,164,13
Y_CecAiBVss,"""Es gibt keine gute Armee"" | Pazifist trifft Bundeswehr Offizier | Sag‚Äôs mir | unbubble",https://www.youtube.com/watch?v=Y_CecAiBVss,1357,20230719,198640,4402,1495
aIM8zJSCPYY,Schluss mit Massentourismus? |13 Fragen | unbubble #shorts,https://www.youtube.com/watch?v=aIM8zJSCPYY,57,20230714,18192,304,63
N7nEKrPUKL0,"All inclusive, Citytrip, Kreuzfahrt: Sollten wir nachhaltiger reisen? | 13 Fragen | unbubble",https://www.youtube.com/watch?v=N7nEKrPUKL0,2548,20230712,248037,2884,1769
VMlsr1vXTtM,Kinderkriminalit√§t: Brauchen wir ein neues Strafrecht? | 13 Fragen | unbubble,https://www.youtube.com/watch?v=VMlsr1vXTtM,2454,20230702,664900,11509,3468
4HUHO12AYhk,"TW Suizid | Sterbehilfe: ""Ich will sterben, wie ich das will"" | unbubble #shorts",https://www.youtube.com/watch?v=4HUHO12AYhk,58,20230630,18438,311,50
418QXmde44k,Sterbehilfe: Gefahr oder Selbstbestimmung? Sterbehelferin trifft √Ñrztin | Sag‚Äôs mir | unbubble,https://www.youtube.com/watch?v=418QXmde44k,1529,20230628,68027,1604,714
9YcrVXGmaaE,D√ºrfen wir Dating Shows feiern?  | unbubble #shorts,https://www.youtube.com/watch?v=9YcrVXGmaaE,56,20230623,15958,285,30
C5dYIcXWgJw,"Love Island, Der Bachelor & Co.: Dating Shows, ja oder nein? I 13 Fragen I unbubble",https://www.youtube.com/watch?v=C5dYIcXWgJw,2641,20230621,523606,9363,1608
G24HCiaUEbM,Video√ºberwachung: Big Brother is watching you? | unbubble #shorts,https://www.youtube.com/watch?v=G24HCiaUEbM,60,20230619,15373,267,41
NnZkn-IDWZs,Video√ºberwachung: Sicherheit √ºber Privatsph√§re? I 13 Fragen I unbubble,https://www.youtube.com/watch?v=NnZkn-IDWZs,2441,20230618,171353,2601,1300
HM0sB_m9lbU,Cannabis-Legalisierung: Eine gute Idee? | unbubble #shorts,https://www.youtube.com/watch?v=HM0sB_m9lbU,59,20230616,29137,477,166
NKOx02ydV_E,"Ist es richtig, Cannabis zu legalisieren? | Unter Anderen | unbubble",https://www.youtube.com/watch?v=NKOx02ydV_E,1299,20230614,31632,751,591
7_KgAWlpYDw,"""Geld macht mich frei."" Macht Reich-Sein wirklich gl√ºcklich? | Sag‚Äôs mir | unbubble",https://www.youtube.com/watch?v=7_KgAWlpYDw,45,20230609,15455,226,58
h7TeF4klFYg,Macht Geld gl√ºcklich? Million√§r trifft Obdachlosen | Sag‚Äôs mir | unbubble,https://www.youtube.com/watch?v=h7TeF4klFYg,1217,20230607,66824,1364,723
J3hTUUZHiWE,Esoterik: N√§hrboden f√ºr Verschw√∂rungsmythen? | unbubble #shorts,https://www.youtube.com/watch?v=J3hTUUZHiWE,32,20230602,10281,158,17
DSiFJR8O5ZU,"Esoterik, Hexen, Astrologie: Wann wird's gef√§hrlich? | 13 Fragen | unbubble",https://www.youtube.com/watch?v=DSiFJR8O5ZU,2453,20230531,496219,8244,2880
k5Qqov4awLU,"‚ÄúIch w√ºrde es lieber bereuen, keine Kinder bekommen zu haben‚Äù | unbubble #shorts",https://www.youtube.com/watch?v=k5Qqov4awLU,48,20230526,23393,723,45
lrAKTVrtWzs,"""Ich bin ein Stay at Home Girlfriend"" | Unter Anderen | unbubble",https://www.youtube.com/watch?v=lrAKTVrtWzs,1191,20230524,143064,1954,572
6AJQoVj-bI4,Ex-Prostituierte trifft Bordellbetreiber | unbubble #shorts,https://www.youtube.com/watch?v=6AJQoVj-bI4,53,20230519,6460,134,13
hKyDx5Z9hik,‚ÄûProstitution macht Frauen kaputt!‚Äú Ex-Prostituierte trifft Bordellbetreiber | Sag‚Äôs mir | unbubble,https://www.youtube.com/watch?v=hKyDx5Z9hik,1348,20230517,214717,2908,1266
wOgb7Ng9A7c,Sollten Zoos abgeschafft werden? I unbubble #shorts,https://www.youtube.com/watch?v=wOgb7Ng9A7c,57,20230512,13348,385,21
HEM1Brgekbg,Zoo: Artenschutz oder Tierqu√§lerei? I 13 Fragen I unbubble,https://www.youtube.com/watch?v=HEM1Brgekbg,2345,20230510,700197,16974,4292
xdjYBOzMPhA,"Mehr Social Media, mehr Sch√∂nheitseingriffe? | Unter Anderen | unbubble #shorts",https://www.youtube.com/watch?v=xdjYBOzMPhA,42,20230505,36386,809,28
CpWsgGuxDtw,Animiert Social Media zum Sch√∂nheitseingriff? | Unter Anderen | unbubble,https://www.youtube.com/watch?v=CpWsgGuxDtw,1283,20230503,79320,1720,320
WhVxTgYXLvE,Hat die Polizei ein Gewaltproblem? | unbubble #shorts,https://www.youtube.com/watch?v=WhVxTgYXLvE,55,20230428,10902,207,51
yNBIxeh-Ovc,Illegale Polizeigewalt: Alles Einzelf√§lle? Opfer trifft Polizist | Sag‚Äôs mir | unbubble,https://www.youtube.com/watch?v=yNBIxeh-Ovc,1428,20230426,55201,915,588
AFXGPqZDvdc,Zu viel Mental Health auf Social Media? | unbubble #shorts,https://www.youtube.com/watch?v=AFXGPqZDvdc,54,20230421,10788,295,10
W32iJGYTXXU,"Depressionen, ADHS, Angstst√∂rungen auf Social Media: Gef√§hrlicher Trend? | 13 Fragen | unbubble",https://www.youtube.com/watch?v=W32iJGYTXXU,2506,20230419,481910,6143,2126
6IwJA5nJZ1w,Schadet Social Media der mentalen Gesundheit? | unbubble #shorts,https://www.youtube.com/watch?v=6IwJA5nJZ1w,35,20230414,8127,136,1
vFSpzPBQg_g,Macht uns Social Media psychisch kaputt? | Unter Anderen | unbubble,https://www.youtube.com/watch?v=vFSpzPBQg_g,1262,20230412,32222,792,141
8FWJYT3M3Qc,Beauty-Doc und Kritikerin reagieren: Was ist Sch√∂nheit? | unbubble #shorts,https://www.youtube.com/watch?v=8FWJYT3M3Qc,56,20230412,27373,459,24
ueRSBywioME,Selbstoptimierung durch Sch√∂nheitseingriffe? Beauty-Doc trifft Kritikerin | unbubble #shorts,https://www.youtube.com/watch?v=ueRSBywioME,58,20230407,12877,251,34
RpERZGyvUeM,"Sch√∂nheits-OPs: sch√∂ner, besser, erfolgreicher? Beauty-Doc trifft Kritikerin | Sag‚Äôs mir | unbubble",https://www.youtube.com/watch?v=RpERZGyvUeM,1408,20230405,353318,8351,2467
QTpyy6Xp2rI,"""Wer entscheidet, wann ich integriert bin?"" unbubble #shorts",https://www.youtube.com/watch?v=QTpyy6Xp2rI,60,20230331,16507,417,43
Th5Tsbt-b9M,Einb√ºrgerung: Wer ist deutsch? I 13 Fragen I unbubble,https://www.youtube.com/watch?v=Th5Tsbt-b9M,2183,20230329,222328,3542,3133
jKKT364tX98,Verh√ºtung: Frauen- oder M√§nnersache? unbubble #shorts,https://www.youtube.com/watch?v=jKKT364tX98,59,20230324,189883,2209,472
raw-BwDAmaU,Verh√ºtung: Sind jetzt die M√§nner dran? I Unter Anderen I unbubble,https://www.youtube.com/watch?v=raw-BwDAmaU,1288,20230322,64680,1121,600
50PSYQTrR-8,Alkohol verantwortungsbewusst konsumieren? unbubble #shorts,https://www.youtube.com/watch?v=50PSYQTrR-8,56,20230317,14847,225,36
7aSeZ5n9Pvg,(K)ein Leben ohne Alkohol? Ballermann-DJ trifft Anti-Alkoholikerin I Sag‚Äôs mir I unbubble,https://www.youtube.com/watch?v=7aSeZ5n9Pvg,1155,20230315,91988,1759,604
rLpqyBmqc9Y,"Tsch√ºss, Germany's Next Topmodel?! unbubble #shorts",https://www.youtube.com/watch?v=rLpqyBmqc9Y,55,20230313,126134,2490,35
YwvR4fZFdlc,"GNTM, Miss Germany & Co.: Schluss mit Sch√∂nheitswettbewerben? I 13 Fragen I unbubble",https://www.youtube.com/watch?v=YwvR4fZFdlc,2101,20230308,2103221,40876,4446
h6OE9tx2pl4,Kontakt zu den Eltern abbrechen?! Unter Anderen | unbubble #shorts,https://www.youtube.com/watch?v=h6OE9tx2pl4,54,20230303,12451,183,14
Jt_kN8x0KMc,Bin ich meinen Eltern etwas schuldig? I Unter Anderen I unbubble,https://www.youtube.com/watch?v=Jt_kN8x0KMc,1274,20230301,31048,584,268
-xboSMZsE9o,"""Online Dating macht viele M√§nner kaputt"" | Sag's mir | unbubble #shorts",https://www.youtube.com/watch?v=-xboSMZsE9o,45,20230224,11813,129,33
_x743kLGifE,Sind Dating Apps fair? Entt√§uschter User trifft Fan I Sag‚Äôs mir I unbubble,https://www.youtube.com/watch?v=_x743kLGifE,1421,20230222,77743,1558,1012
8IQVfy8o-vE,Kinderfotos auf Social Media? | 13 Fragen | unbubble #shorts,https://www.youtube.com/watch?v=8IQVfy8o-vE,58,20230217,106239,3333,75
dqyIhU5_01k,D√ºrfen wir Kinder im Internet zeigen? 13 Fragen I unbubble,https://www.youtube.com/watch?v=dqyIhU5_01k,2398,20230215,1263745,27226,3617
F0EHGHI0jgc,M√§nnersalat?! | Unter Anderen | unbubble #shorts,https://www.youtube.com/watch?v=F0EHGHI0jgc,42,20230210,5852,62,5
jOWYMN_utak,Toxische M√§nnlichkeit: Brauchen wir ein neues M√§nnerbild? Unter Anderen I unbubble,https://www.youtube.com/watch?v=jOWYMN_utak,1164,20230208,99709,1161,839
bEaZ1AMSWdU,Momfluencerin trifft Kinderrechtlerin I Sag‚Äôs mir I unbubble,https://www.youtube.com/watch?v=bEaZ1AMSWdU,58,20230203,18819,246,33
ouWA4SOArSU,Kinder auf Social Media? Momfluencerin trifft Kinderrechtlerin I Sag‚Äôs mir I unbubble,https://www.youtube.com/watch?v=ouWA4SOArSU,1151,20230201,192415,2806,565
XsY1q9jsyL0,Brauchen wir die Aktienrente? | 13 Fragen | unbubble #shorts,https://www.youtube.com/watch?v=XsY1q9jsyL0,47,20230127,10859,132,20
Iqyi0UDOjqY,Aktienrente: Wird unsere Zukunft an der B√∂rse verzockt? | 13 Fragen |  unbubble,https://www.youtube.com/watch?v=Iqyi0UDOjqY,2128,20230125,358845,6386,3361
QI1wAByzyfk,Astrologe trifft Astrophysiker | Sag's mir | unbubble #shorts,https://www.youtube.com/watch?v=QI1wAByzyfk,56,20230120,17709,422,114
CRqrm4r1Esw,Horoskope und Sternzeichen: Chance oder Gefahr? Astrologe trifft Physiker | Sag's mir | unbubble,https://www.youtube.com/watch?v=CRqrm4r1Esw,1424,20230118,244614,4695,1899
xmTTNQ7rmqU,Work Life Balance: Leben oder arbeiten? I Unter Anderen I unbubble,https://www.youtube.com/watch?v=xmTTNQ7rmqU,1017,20230111,26562,505,185
AsYLnpP3LKk,Beziehung √∂ffnen oder exklusive Liebe? Offene Ehe trifft auf Monogamie | Sag's mir | unbubble,https://www.youtube.com/watch?v=AsYLnpP3LKk,1182,20230104,116591,2644,536
Dp5MV1e4UCo,Elon Musk zerlegt Twitter: Sollten wir unsere Accounts l√∂schen? 13 Fragen I unbubble,https://www.youtube.com/watch?v=Dp5MV1e4UCo,2610,20221228,86758,1173,998
HDCMIA0Q3sQ,Privatschulen vs. staatliche: Wie unfair ist unser Bildungssystem? I Unter Anderen I unbubble,https://www.youtube.com/watch?v=HDCMIA0Q3sQ,1039,20221221,39696,874,444
QrK3yol9ANY,"Schluss mit ""Hartzen"": Ist das B√ºrgergeld fairer als Hartz IV? | 13 Fragen | unbubble",https://www.youtube.com/watch?v=QrK3yol9ANY,2491,20221214,534925,5421,4409
woiKKF481H0,Braucht es eine Reichensteuer? Kapitalismusgegnerin trifft Steuer-Auswanderer | Sag's mir | unbubble,https://www.youtube.com/watch?v=woiKKF481H0,1540,20221207,92709,1768,1921
UcFXteZIqkU,Bio vs. konventionell: Ist √∂kologische Landwirtschaft wirklich besser? | 13 Fragen | unbubble,https://www.youtube.com/watch?v=UcFXteZIqkU,2539,20221130,324021,3578,1564
sLqSywLTAo4,Wohnungsnot in St√§dten: Immobilieninvestorin trifft auf Mietaktivistin | Sag's mir | unbubble,https://www.youtube.com/watch?v=sLqSywLTAo4,1256,20221123,51190,710,653
K92Ya9mwlJ4,Meinungsvielfalt: Sind sich die deutschen Medien zu einig? I 13 Fragen I unbubble,https://www.youtube.com/watch?v=K92Ya9mwlJ4,2551,20221117,310697,4737,2041
OPObtcKf9C4,Kommt der Kohleausstieg zu sp√§t? Letzte Generation trifft Gewerkschaftler | Sag's mir | unbubble,https://www.youtube.com/watch?v=OPObtcKf9C4,1004,20221109,36178,1059,477
h3I1wR9Wd-M,#BodyPositivity: Toxischer Hype oder echtes Empowerment? | 13 Fragen | unbubble,https://www.youtube.com/watch?v=h3I1wR9Wd-M,2522,20221102,1748601,17015,20477
TcTAM2h5wvE,Ein Deutschland ohne Autoindustrie? Autokritikerin trifft Truckerin | Sag's mir | unbubble,https://www.youtube.com/watch?v=TcTAM2h5wvE,1248,20221026,44729,814,565
_fNbtIcU5Ys,"Heizkostenzuschuss, Strompreisbremse & Co.: Reichen die Entlastungspakete? | 13 Fragen | unbubble",https://www.youtube.com/watch?v=_fNbtIcU5Ys,2386,20221019,200225,3586,2171
c4ZM8GwesvI,Kulturelle Aneignung: Austausch oder Ausbeutung? S√§nger trifft Musikmanager | Sag's mir | unbubble,https://www.youtube.com/watch?v=c4ZM8GwesvI,1540,20221012,104816,3412,1145
aAI1iAsD_5A,Deutsche Wiedervereinigung: Muss der Westen mehr f√ºr den Osten tun? | 13 Fragen | unbubble,https://www.youtube.com/watch?v=aAI1iAsD_5A,2529,20221002,159836,2736,1068
GcZmYxsQuFY,Ist Tiere essen doch okay? J√§gerin trifft Veganer | Sag's mir | unbubble,https://www.youtube.com/watch?v=GcZmYxsQuFY,1368,20220928,211034,6037,4554
1A2UEqkQY24,Sexismus: Sollten manche Party-Schlager verboten werden? | 13 Fragen | unbubble,https://www.youtube.com/watch?v=1A2UEqkQY24,2319,20220921,977006,13691,6655
ITuKLpulw7k,Wie alternativ darf Medizin sein? Spirituelle Heilerin trifft Psychologen | Sag's mir | unbubble,https://www.youtube.com/watch?v=ITuKLpulw7k,1478,20220914,399673,7049,2561
GN2lDWybilg,Zur√ºck zum Zivi: Sozialer Pflichtdienst f√ºr junge Menschen? | 13 Fragen | unbubble,https://www.youtube.com/watch?v=GN2lDWybilg,2241,20220907,447171,9213,3520
WMqZBJhDYuQ,"""Ich habe all mein Geld verschenkt"": Karriere-Verweigerer trifft High-Performer |Sag's mir| unbubble",https://www.youtube.com/watch?v=WMqZBJhDYuQ,1335,20220831,559422,10736,1413
gMoumqir2jI,9-Euro-Ticket: Brauchen wir einen kostenlosen √ñPNV? | 13 Fragen | unbubble,https://www.youtube.com/watch?v=gMoumqir2jI,2326,20220824,389632,8417,2966
OQBaQE4pTVw,Tierversuche: Forschung oder Qual? PETA-Aktivistin trifft Hirnforscher | Sag's mir | unbubble,https://www.youtube.com/watch?v=OQBaQE4pTVw,1153,20220817,131459,3154,1349
TosDJ_8Jsfo,Organspende: Automatisch spenden oder aktiv entscheiden? | 13 Fragen | unbubble,https://www.youtube.com/watch?v=TosDJ_8Jsfo,2763,20220810,673294,13606,6245
givJy2H8VKA,Nackt im Netz: OnlyFans-Creatorin trifft Aussteigerin | Sag's mir | unbubble,https://www.youtube.com/watch?v=givJy2H8VKA,1142,20220803,202396,2797,1128
lByr3B2G8TI,Volksdroge Alkohol: Sollte der Staat st√§rker in den Konsum eingreifen? | 13 Fragen | unbubble,https://www.youtube.com/watch?v=lByr3B2G8TI,2575,20220727,518849,9557,5297
VqudDyQdyy4,Ist Abtreibung ein Menschenrecht? Bef√ºrworterin trifft Pro-Life-Aktivistin | Sag's mir | unbubble,https://www.youtube.com/watch?v=VqudDyQdyy4,1072,20220720,125564,2661,2324
R5tpFpBeKkI,Christ trifft homosexuellen Atheist | Sag's mir | unbubble #shorts,https://www.youtube.com/watch?v=R5tpFpBeKkI,51,20220717,165416,4413,793
byPCjaGo86Q,Unerf√ºllter Kinderwunsch: Sollte die Eizellspende legalisiert werden? | 13 Fragen | unbubble,https://www.youtube.com/watch?v=byPCjaGo86Q,2721,20220713,671796,9403,3198
gLIgraoFNiU,Wie ungerecht ist Deutschland? Sozialarbeiter trifft CEO I Sag's mir | unbubble,https://www.youtube.com/watch?v=gLIgraoFNiU,1468,20220706,359873,7905,2660
RFVq5IMohxo,Hatespeech & Fake News: Zerst√∂rt Social Media unsere Demokratie?  I 13 Fragen | unbubble,https://www.youtube.com/watch?v=RFVq5IMohxo,2605,20220629,635964,17425,2868
kFNCFxCBKA0,Flugreisen trotz Klimakrise? Vielflieger trifft auf Umweltsch√ºtzer I Sag's mir | unbubble,https://www.youtube.com/watch?v=kFNCFxCBKA0,978,20220622,56116,1222,291
VEzcwDb4XRY,Verm√∂gen besteuern: M√ºssen die Reichen mehr zahlen? I 13 Fragen | unbubble,https://www.youtube.com/watch?v=VEzcwDb4XRY,2394,20220615,630480,11661,6337
05heNjLJlU8,"""Homophobie ist keine Meinung"": Christ trifft homosexuellen Atheist I Sag's mir | unbubble",https://www.youtube.com/watch?v=05heNjLJlU8,912,20220608,563362,13217,7868
fZOetPGRTZg,Transgender: Sollte das Geschlecht jederzeit frei w√§hlbar sein? 13 Fragen | unbubble,https://www.youtube.com/watch?v=fZOetPGRTZg,3630,20220601,1466109,22301,9883
_5yP6rZKf9s,Psychose durchs Kiffen: Ex-Abh√§ngiger trifft Cannabis-Verk√§uferin I Sag‚Äôs mir | unbubble,https://www.youtube.com/watch?v=_5yP6rZKf9s,985,20220525,79841,2060,482
Gev2opFMR1E,Extremer Aktivismus: Wie radikal darf Protest sein? 13 Fragen | unbubble,https://www.youtube.com/watch?v=Gev2opFMR1E,2800,20220518,634545,10157,4029
NNsJlerfUTM,Legalize it: Sollten alle Drogen legal sein? | 13 Fragen | unbubble,https://www.youtube.com/watch?v=NNsJlerfUTM,2900,20220511,499140,11140,3863
